Workbook
Name NativeTimeline_Campign_Date: #N/A
Name Slicer_Month: #N/A

Sheet Sheet1 - Dataset
A1: Campaign ID | B1: Campaign Name | C1: Channel | D1: Month | E1: Spend | F1: Impressions | G1: Clicks | H1: Leads | I1: Conversions | K1: Channel Owners
A2: C01 | B2: spring sale email | C2: Email | D2: Jan | E2: 15000 | F2: 120000 | G2: 4800 | H2: 960 | I2: 210 | K2: Channel | L2: Owner
A3: C02 | B3: Search Brand Terms | C3: Search | D3: Jan | E3: 45000 | F3: 300000 | G3: 15000 | H3: 3000 | I3: 540 | K3: Email | L3: Neha Kulkarni
A4: C03 | B4: social reels promo | C4: Social | D4: Jan | E4: 30000 | F4: 500000 | G4: 20000 | H4: 2500 | I4: 300 | K4: Search | L4: Arjun Rao
A5: C04 | B5: Display Retarget | C5: Display | D5: Jan | E5: 18000 | F5: 800000 | G5: 8000 | H5: 800 | I5: 96 | K5: Social | L5: Divya Menon
A6: C05 | B6: new year email | C6: Email | D6: Feb | E6: 12000 | F6: 100000 | G6: 4200 | H6: 840 | I6: 189 | K6: Display | L6: Karan Shah
A7: C06 | B7: Search Generic Terms | C7: Search | D7: Feb | E7: 50000 | F7: 320000 | G7: 14000 | H7: 2800 | I7: 476
A8: C07 | B8: social influencer | C8: Social | D8: Feb | E8: 35000 | F8: 550000 | G8: 22000 | H8: 2200 | I8: 264
A9: C08 | B9: Display Prospecting | C9: Display | D9: Feb | E9: 20000 | F9: 900000 | G9: 7500 | H9: 750 | I9: 82
A10: C09 | B10: clearance email | C10: Email | D10: Mar | E10: 10000 | F10: 90000 | G10: 3600 | H10: 720 | I10: 158
A11: C10 | B11: Search Competitor Terms | C11: Search | D11: Mar | E11: 48000 | F11: 310000 | G11: 13500 | H11: 2700 | I11: 459
A12: C11 | B12: social contest | C12: Social | D12: Mar | E12: 32000 | F12: 600000 | G12: 24000 | H12: 2880 | I12: 346
A13: C12 | B13: Display Lookalike | C13: Display | D13: Mar | E13: 22000 | F13: 850000 | G13: 8500 | H13: 850 | I13: 110

Sheet Sheet2 - Q1 Answer
A1: Q1. Clean the Campaign Name column, convert the range into a formal Excel Table, and add a data validation dropdown for Channel.
A3: Campaign ID | B3: Campaign Name (Cleaned) | C3: Channel | D3: Month | E3: Spend | F3: Impressions | G3: Clicks | H3: Leads | I3: Conversions | J3: Campign Date
A4: ='Sheet1 - Dataset'!A2 -> C01 | B4: =PROPER(TRIM('Sheet1 - Dataset'!B2)) -> Spring Sale Email | C4: ='Sheet1 - Dataset'!C2 -> Email | D4: ='Sheet1 - Dataset'!D2 -> Jan | E4: ='Sheet1 - Dataset'!E2 -> 15000 | F4: ='Sheet1 - Dataset'!F2 -> 120000 | G4: ='Sheet1 - Dataset'!G2 -> 4800 | H4: ='Sheet1 - Dataset'!H2 -> 960 | I4: ='Sheet1 - Dataset'!I2 -> 210 | J4: =DATE(2026,MATCH(D4,{"Jan","Feb","mar"},0),1) -> 46023
A5: ='Sheet1 - Dataset'!A3 -> C02 | B5: =PROPER(TRIM('Sheet1 - Dataset'!B3)) -> Search Brand Terms | C5: ='Sheet1 - Dataset'!C3 -> Search | D5: ='Sheet1 - Dataset'!D3 -> Jan | E5: ='Sheet1 - Dataset'!E3 -> 45000 | F5: ='Sheet1 - Dataset'!F3 -> 300000 | G5: ='Sheet1 - Dataset'!G3 -> 15000 | H5: ='Sheet1 - Dataset'!H3 -> 3000 | I5: ='Sheet1 - Dataset'!I3 -> 540 | J5: =DATE(2026,MATCH(D5,{"Jan","Feb","mar"},0),1) -> 46023
A6: ='Sheet1 - Dataset'!A4 -> C03 | B6: =PROPER(TRIM('Sheet1 - Dataset'!B4)) -> Social Reels Promo | C6: ='Sheet1 - Dataset'!C4 -> Social | D6: ='Sheet1 - Dataset'!D4 -> Jan | E6: ='Sheet1 - Dataset'!E4 -> 30000 | F6: ='Sheet1 - Dataset'!F4 -> 500000 | G6: ='Sheet1 - Dataset'!G4 -> 20000 | H6: ='Sheet1 - Dataset'!H4 -> 2500 | I6: ='Sheet1 - Dataset'!I4 -> 300 | J6: =DATE(2026,MATCH(D6,{"Jan","Feb","mar"},0),1) -> 46023
A7: ='Sheet1 - Dataset'!A5 -> C04 | B7: =PROPER(TRIM('Sheet1 - Dataset'!B5)) -> Display Retarget | C7: ='Sheet1 - Dataset'!C5 -> Display | D7: ='Sheet1 - Dataset'!D5 -> Jan | E7: ='Sheet1 - Dataset'!E5 -> 18000 | F7: ='Sheet1 - Dataset'!F5 -> 800000 | G7: ='Sheet1 - Dataset'!G5 -> 8000 | H7: ='Sheet1 - Dataset'!H5 -> 800 | I7: ='Sheet1 - Dataset'!I5 -> 96 | J7: =DATE(2026,MATCH(D7,{"Jan","Feb","mar"},0),1) -> 46023
A8: ='Sheet1 - Dataset'!A6 -> C05 | B8: =PROPER(TRIM('Sheet1 - Dataset'!B6)) -> New Year Email | C8: ='Sheet1 - Dataset'!C6 -> Email | D8: ='Sheet1 - Dataset'!D6 -> Feb | E8: ='Sheet1 - Dataset'!E6 -> 12000 | F8: ='Sheet1 - Dataset'!F6 -> 100000 | G8: ='Sheet1 - Dataset'!G6 -> 4200 | H8: ='Sheet1 - Dataset'!H6 -> 840 | I8: ='Sheet1 - Dataset'!I6 -> 189 | J8: =DATE(2026,MATCH(D8,{"Jan","Feb","mar"},0),1) -> 46054
A9: ='Sheet1 - Dataset'!A7 -> C06 | B9: =PROPER(TRIM('Sheet1 - Dataset'!B7)) -> Search Generic Terms | C9: ='Sheet1 - Dataset'!C7 -> Search | D9: ='Sheet1 - Dataset'!D7 -> Feb | E9: ='Sheet1 - Dataset'!E7 -> 50000 | F9: ='Sheet1 - Dataset'!F7 -> 320000 | G9: ='Sheet1 - Dataset'!G7 -> 14000 | H9: ='Sheet1 - Dataset'!H7 -> 2800 | I9: ='Sheet1 - Dataset'!I7 -> 476 | J9: =DATE(2026,MATCH(D9,{"Jan","Feb","mar"},0),1) -> 46054
A10: ='Sheet1 - Dataset'!A8 -> C07 | B10: =PROPER(TRIM('Sheet1 - Dataset'!B8)) -> Social Influencer | C10: ='Sheet1 - Dataset'!C8 -> Social | D10: ='Sheet1 - Dataset'!D8 -> Feb | E10: ='Sheet1 - Dataset'!E8 -> 35000 | F10: ='Sheet1 - Dataset'!F8 -> 550000 | G10: ='Sheet1 - Dataset'!G8 -> 22000 | H10: ='Sheet1 - Dataset'!H8 -> 2200 | I10: ='Sheet1 - Dataset'!I8 -> 264 | J10: =DATE(2026,MATCH(D10,{"Jan","Feb","mar"},0),1) -> 46054
A11: ='Sheet1 - Dataset'!A9 -> C08 | B11: =PROPER(TRIM('Sheet1 - Dataset'!B9)) -> Display Prospecting | C11: ='Sheet1 - Dataset'!C9 -> Display | D11: ='Sheet1 - Dataset'!D9 -> Feb | E11: ='Sheet1 - Dataset'!E9 -> 20000 | F11: ='Sheet1 - Dataset'!F9 -> 900000 | G11: ='Sheet1 - Dataset'!G9 -> 7500 | H11: ='Sheet1 - Dataset'!H9 -> 750 | I11: ='Sheet1 - Dataset'!I9 -> 82 | J11: =DATE(2026,MATCH(D11,{"Jan","Feb","mar"},0),1) -> 46054
A12: ='Sheet1 - Dataset'!A10 -> C09 | B12: =PROPER(TRIM('Sheet1 - Dataset'!B10)) -> Clearance Email | C12: ='Sheet1 - Dataset'!C10 -> Email | D12: ='Sheet1 - Dataset'!D10 -> Mar | E12: ='Sheet1 - Dataset'!E10 -> 10000 | F12: ='Sheet1 - Dataset'!F10 -> 90000 | G12: ='Sheet1 - Dataset'!G10 -> 3600 | H12: ='Sheet1 - Dataset'!H10 -> 720 | I12: ='Sheet1 - Dataset'!I10 -> 158 | J12: =DATE(2026,MATCH(D12,{"Jan","Feb","mar"},0),1) -> 46082
A13: ='Sheet1 - Dataset'!A11 -> C10 | B13: =PROPER(TRIM('Sheet1 - Dataset'!B11)) -> Search Competitor Terms | C13: ='Sheet1 - Dataset'!C11 -> Search | D13: ='Sheet1 - Dataset'!D11 -> Mar | E13: ='Sheet1 - Dataset'!E11 -> 48000 | F13: ='Sheet1 - Dataset'!F11 -> 310000 | G13: ='Sheet1 - Dataset'!G11 -> 13500 | H13: ='Sheet1 - Dataset'!H11 -> 2700 | I13: ='Sheet1 - Dataset'!I11 -> 459 | J13: =DATE(2026,MATCH(D13,{"Jan","Feb","mar"},0),1) -> 46082
A14: ='Sheet1 - Dataset'!A12 -> C11 | B14: =PROPER(TRIM('Sheet1 - Dataset'!B12)) -> Social Contest | C14: ='Sheet1 - Dataset'!C12 -> Social | D14: ='Sheet1 - Dataset'!D12 -> Mar | E14: ='Sheet1 - Dataset'!E12 -> 32000 | F14: ='Sheet1 - Dataset'!F12 -> 600000 | G14: ='Sheet1 - Dataset'!G12 -> 24000 | H14: ='Sheet1 - Dataset'!H12 -> 2880 | I14: ='Sheet1 - Dataset'!I12 -> 346 | J14: =DATE(2026,MATCH(D14,{"Jan","Feb","mar"},0),1) -> 46082
A15: ='Sheet1 - Dataset'!A13 -> C12 | B15: =PROPER(TRIM('Sheet1 - Dataset'!B13)) -> Display Lookalike | C15: ='Sheet1 - Dataset'!C13 -> Display | D15: ='Sheet1 - Dataset'!D13 -> Mar | E15: ='Sheet1 - Dataset'!E13 -> 22000 | F15: ='Sheet1 - Dataset'!F13 -> 850000 | G15: ='Sheet1 - Dataset'!G13 -> 8500 | H15: ='Sheet1 - Dataset'!H13 -> 850 | I15: ='Sheet1 - Dataset'!I13 -> 110 | J15: =DATE(2026,MATCH(D15,{"Jan","Feb","mar"},0),1) -> 46082

Sheet Sheet3 - Q2 Answer
A1: Q2. Calculate Cost Per Conversion for every campaign, and label performance Excellent, Good, or Needs Review using nested IF.
A3: Campaign ID | B3: Campaign Name | C3: Channel | D3: Spend | E3: Conversions | F3: CPA (Spend/Conversions) | G3: Performance (Nested IF)
A4: ='Sheet2 - Q1 Answer'!A4 -> C01 | B4: =PROPER(TRIM('Sheet1 - Dataset'!B2)) -> Spring Sale Email | C4: ='Sheet2 - Q1 Answer'!C4 -> Email | D4: ='Sheet2 - Q1 Answer'!E4 -> 15000 | E4: ='Sheet2 - Q1 Answer'!I4 -> 210 | F4: =IFERROR(D4/E4,0) -> 71.428571 | G4: =IF(F4<=100,"Excellent",IF(F4<=150,"Good","Needs Review")) -> Excellent
A5: ='Sheet2 - Q1 Answer'!A5 -> C02 | B5: =PROPER(TRIM('Sheet1 - Dataset'!B3)) -> Search Brand Terms | C5: ='Sheet2 - Q1 Answer'!C5 -> Search | D5: ='Sheet2 - Q1 Answer'!E5 -> 45000 | E5: ='Sheet2 - Q1 Answer'!I5 -> 540 | F5: =IFERROR(D5/E5,0) -> 83.333333 | G5: =IF(F5<=100,"Excellent",IF(F5<=150,"Good","Needs Review")) -> Excellent
A6: ='Sheet2 - Q1 Answer'!A6 -> C03 | B6: =PROPER(TRIM('Sheet1 - Dataset'!B4)) -> Social Reels Promo | C6: ='Sheet2 - Q1 Answer'!C6 -> Social | D6: ='Sheet2 - Q1 Answer'!E6 -> 30000 | E6: ='Sheet2 - Q1 Answer'!I6 -> 300 | F6: =IFERROR(D6/E6,0) -> 100 | G6: =IF(F6<=100,"Excellent",IF(F6<=150,"Good","Needs Review")) -> Excellent
A7: ='Sheet2 - Q1 Answer'!A7 -> C04 | B7: =PROPER(TRIM('Sheet1 - Dataset'!B5)) -> Display Retarget | C7: ='Sheet2 - Q1 Answer'!C7 -> Display | D7: ='Sheet2 - Q1 Answer'!E7 -> 18000 | E7: ='Sheet2 - Q1 Answer'!I7 -> 96 | F7: =IFERROR(D7/E7,0) -> 187.5 | G7: =IF(F7<=100,"Excellent",IF(F7<=150,"Good","Needs Review")) -> Needs Review
A8: ='Sheet2 - Q1 Answer'!A8 -> C05 | B8: =PROPER(TRIM('Sheet1 - Dataset'!B6)) -> New Year Email | C8: ='Sheet2 - Q1 Answer'!C8 -> Email | D8: ='Sheet2 - Q1 Answer'!E8 -> 12000 | E8: ='Sheet2 - Q1 Answer'!I8 -> 189 | F8: =IFERROR(D8/E8,0) -> 63.492063 | G8: =IF(F8<=100,"Excellent",IF(F8<=150,"Good","Needs Review")) -> Excellent
A9: ='Sheet2 - Q1 Answer'!A9 -> C06 | B9: =PROPER(TRIM('Sheet1 - Dataset'!B7)) -> Search Generic Terms | C9: ='Sheet2 - Q1 Answer'!C9 -> Search | D9: ='Sheet2 - Q1 Answer'!E9 -> 50000 | E9: ='Sheet2 - Q1 Answer'!I9 -> 476 | F9: =IFERROR(D9/E9,0) -> 105.04202 | G9: =IF(F9<=100,"Excellent",IF(F9<=150,"Good","Needs Review")) -> Good
A10: ='Sheet2 - Q1 Answer'!A10 -> C07 | B10: =PROPER(TRIM('Sheet1 - Dataset'!B8)) -> Social Influencer | C10: ='Sheet2 - Q1 Answer'!C10 -> Social | D10: ='Sheet2 - Q1 Answer'!E10 -> 35000 | E10: ='Sheet2 - Q1 Answer'!I10 -> 264 | F10: =IFERROR(D10/E10,0) -> 132.57576 | G10: =IF(F10<=100,"Excellent",IF(F10<=150,"Good","Needs Review")) -> Good
A11: ='Sheet2 - Q1 Answer'!A11 -> C08 | B11: =PROPER(TRIM('Sheet1 - Dataset'!B9)) -> Display Prospecting | C11: ='Sheet2 - Q1 Answer'!C11 -> Display | D11: ='Sheet2 - Q1 Answer'!E11 -> 20000 | E11: ='Sheet2 - Q1 Answer'!I11 -> 82 | F11: =IFERROR(D11/E11,0) -> 243.90244 | G11: =IF(F11<=100,"Excellent",IF(F11<=150,"Good","Needs Review")) -> Needs Review
A12: ='Sheet2 - Q1 Answer'!A12 -> C09 | B12: =PROPER(TRIM('Sheet1 - Dataset'!B10)) -> Clearance Email | C12: ='Sheet2 - Q1 Answer'!C12 -> Email | D12: ='Sheet2 - Q1 Answer'!E12 -> 10000 | E12: ='Sheet2 - Q1 Answer'!I12 -> 158 | F12: =IFERROR(D12/E12,0) -> 63.291139 | G12: =IF(F12<=100,"Excellent",IF(F12<=150,"Good","Needs Review")) -> Excellent
A13: ='Sheet2 - Q1 Answer'!A13 -> C10 | B13: =PROPER(TRIM('Sheet1 - Dataset'!B11)) -> Search Competitor Terms | C13: ='Sheet2 - Q1 Answer'!C13 -> Search | D13: ='Sheet2 - Q1 Answer'!E13 -> 48000 | E13: ='Sheet2 - Q1 Answer'!I13 -> 459 | F13: =IFERROR(D13/E13,0) -> 104.57516 | G13: =IF(F13<=100,"Excellent",IF(F13<=150,"Good","Needs Review")) -> Good
A14: ='Sheet2 - Q1 Answer'!A14 -> C11 | B14: =PROPER(TRIM('Sheet1 - Dataset'!B12)) -> Social Contest | C14: ='Sheet2 - Q1 Answer'!C14 -> Social | D14: ='Sheet2 - Q1 Answer'!E14 -> 32000 | E14: ='Sheet2 - Q1 Answer'!I14 -> 346 | F14: =IFERROR(D14/E14,0) -> 92.485549 | G14: =IF(F14<=100,"Excellent",IF(F14<=150,"Good","Needs Review")) -> Excellent
A15: ='Sheet2 - Q1 Answer'!A15 -> C12 | B15: =PROPER(TRIM('Sheet1 - Dataset'!B13)) -> Display Lookalike | C15: ='Sheet2 - Q1 Answer'!C15 -> Display | D15: ='Sheet2 - Q1 Answer'!E15 -> 22000 | E15: ='Sheet2 - Q1 Answer'!I15 -> 110 | F15: =IFERROR(D15/E15,0) -> 200 | G15: =IF(F15<=100,"Excellent",IF(F15<=150,"Good","Needs Review")) -> Needs Review

Sheet Sheet4 - Q3 Answer
A1: Q3. VLOOKUP each campaign's Channel Owner from the lookup table, wrapped in IFERROR.
A3: Campaign ID | B3: Campaign Name | C3: Channel | D3: Channel Owner (VLOOKUP+IFERROR)
A4: ='Sheet2 - Q1 Answer'!A4 -> C01 | B4: ='Sheet2 - Q1 Answer'!B4 -> Spring Sale Email | C4: ='Sheet2 - Q1 Answer'!C4 -> Email | D4: =IFERROR(VLOOKUP(C4,'Sheet1 - Dataset'!$K$3:$L$6,2,FALSE),"Not Found") -> Neha Kulkarni
A5: ='Sheet2 - Q1 Answer'!A5 -> C02 | B5: ='Sheet2 - Q1 Answer'!B5 -> Search Brand Terms | C5: ='Sheet2 - Q1 Answer'!C5 -> Search | D5: =IFERROR(VLOOKUP(C5,'Sheet1 - Dataset'!$K$3:$L$6,2,FALSE),"Not Found") -> Arjun Rao
A6: ='Sheet2 - Q1 Answer'!A6 -> C03 | B6: ='Sheet2 - Q1 Answer'!B6 -> Social Reels Promo | C6: ='Sheet2 - Q1 Answer'!C6 -> Social | D6: =IFERROR(VLOOKUP(C6,'Sheet1 - Dataset'!$K$3:$L$6,2,FALSE),"Not Found") -> Divya Menon
A7: ='Sheet2 - Q1 Answer'!A7 -> C04 | B7: ='Sheet2 - Q1 Answer'!B7 -> Display Retarget | C7: ='Sheet2 - Q1 Answer'!C7 -> Display | D7: =IFERROR(VLOOKUP(C7,'Sheet1 - Dataset'!$K$3:$L$6,2,FALSE),"Not Found") -> Karan Shah
A8: ='Sheet2 - Q1 Answer'!A8 -> C05 | B8: ='Sheet2 - Q1 Answer'!B8 -> New Year Email | C8: ='Sheet2 - Q1 Answer'!C8 -> Email | D8: =IFERROR(VLOOKUP(C8,'Sheet1 - Dataset'!$K$3:$L$6,2,FALSE),"Not Found") -> Neha Kulkarni
A9: ='Sheet2 - Q1 Answer'!A9 -> C06 | B9: ='Sheet2 - Q1 Answer'!B9 -> Search Generic Terms | C9: ='Sheet2 - Q1 Answer'!C9 -> Search | D9: =IFERROR(VLOOKUP(C9,'Sheet1 - Dataset'!$K$3:$L$6,2,FALSE),"Not Found") -> Arjun Rao
A10: ='Sheet2 - Q1 Answer'!A10 -> C07 | B10: ='Sheet2 - Q1 Answer'!B10 -> Social Influencer | C10: ='Sheet2 - Q1 Answer'!C10 -> Social | D10: =IFERROR(VLOOKUP(C10,'Sheet1 - Dataset'!$K$3:$L$6,2,FALSE),"Not Found") -> Divya Menon
A11: ='Sheet2 - Q1 Answer'!A11 -> C08 | B11: ='Sheet2 - Q1 Answer'!B11 -> Display Prospecting | C11: ='Sheet2 - Q1 Answer'!C11 -> Display | D11: =IFERROR(VLOOKUP(C11,'Sheet1 - Dataset'!$K$3:$L$6,2,FALSE),"Not Found") -> Karan Shah
A12: ='Sheet2 - Q1 Answer'!A12 -> C09 | B12: ='Sheet2 - Q1 Answer'!B12 -> Clearance Email | C12: ='Sheet2 - Q1 Answer'!C12 -> Email | D12: =IFERROR(VLOOKUP(C12,'Sheet1 - Dataset'!$K$3:$L$6,2,FALSE),"Not Found") -> Neha Kulkarni
A13: ='Sheet2 - Q1 Answer'!A13 -> C10 | B13: ='Sheet2 - Q1 Answer'!B13 -> Search Competitor Terms | C13: ='Sheet2 - Q1 Answer'!C13 -> Search | D13: =IFERROR(VLOOKUP(C13,'Sheet1 - Dataset'!$K$3:$L$6,2,FALSE),"Not Found") -> Arjun Rao
A14: ='Sheet2 - Q1 Answer'!A14 -> C11 | B14: ='Sheet2 - Q1 Answer'!B14 -> Social Contest | C14: ='Sheet2 - Q1 Answer'!C14 -> Social | D14: =IFERROR(VLOOKUP(C14,'Sheet1 - Dataset'!$K$3:$L$6,2,FALSE),"Not Found") -> Divya Menon
A15: ='Sheet2 - Q1 Answer'!A15 -> C12 | B15: ='Sheet2 - Q1 Answer'!B15 -> Display Lookalike | C15: ='Sheet2 - Q1 Answer'!C15 -> Display | D15: =IFERROR(VLOOKUP(C15,'Sheet1 - Dataset'!$K$3:$L$6,2,FALSE),"Not Found") -> Karan Shah

Sheet Sheet5 - Q4 Answer
A1: Q4. Build a two way lookup with INDEX and MATCH that returns total spend for any Channel and Month combination.
A3: Spend Grid (source)
A4: Channel | B4: Jan | C4: Feb | D4: Mar
A5: Display | B5: 18000 | C5: 20000 | D5: 22000
A6: Email | B6: 15000 | C6: 12000 | D6: 10000
A7: Search | B7: 45000 | C7: 50000 | D7: 48000
A8: Social | B8: 30000 | C8: 35000 | D8: 32000
A10: Try It: Two Way Lookup
A12: Type a Channel: | B12: Search
A13: Type a Month: | B13: Jan
A14: Result (INDEX and MATCH): | B14: =INDEX($B$5:$D$8,MATCH(B12,$A$5:$A$8,0),MATCH(B13,$B$4:$D$4,0)) -> 45000

Sheet Sheet6 - Q5 Answer
A1: Q5. Build a Pivot Table summarizing spend and conversions by Channel and Month.
A3: Live Pivot Table (right click, Refresh, to confirm it recalculates) | I3: Column Labels
I4: Jan | K4: Feb | M4: Mar | O4: Total Sum of Spend | P4: Total Sum of Conversions
A5: Filter | H5: Row Labels | I5: Sum of Spend | J5: Sum of Conversions | K5: Sum of Spend | L5: Sum of Conversions | M5: Sum of Spend | N5: Sum of Conversions
H6: Display | I6: 18000 | J6: 96 | K6: 20000 | L6: 82 | M6: 22000 | N6: 110 | O6: 60000 | P6: 288
C7: Month | H7: Email | I7: 15000 | J7: 210 | K7: 12000 | L7: 189 | M7: 10000 | N7: 158 | O7: 37000 | P7: 557
A8: Channel | B8: Data | C8: Feb | D8: Jan | E8: Mar | F8: Total Result | H8: Search | I8: 45000 | J8: 540 | K8: 50000 | L8: 476 | M8: 48000 | N8: 459 | O8: 143000 | P8: 1475
A9: Display | H9: Social | I9: 30000 | J9: 300 | K9: 35000 | L9: 264 | M9: 32000 | N9: 346 | O9: 97000 | P9: 910
B10: Sum - Spend | C10: 20000 | D10: 18000 | E10: 22000 | F10: 60000 | H10: Grand Total | I10: 108000 | J10: 1146 | K10: 117000 | L10: 1011 | M10: 112000 | N10: 1073 | O10: 337000 | P10: 3230
B11: Sum - Conversions | C11: 82 | D11: 96 | E11: 110 | F11: 288
A12: Email
B13: Sum - Spend | C13: 12000 | D13: 15000 | E13: 10000 | F13: 37000
B14: Sum - Conversions | C14: 189 | D14: 210 | E14: 158 | F14: 557
A15: Search
B16: Sum - Spend | C16: 50000 | D16: 45000 | E16: 48000 | F16: 143000
B17: Sum - Conversions | C17: 476 | D17: 540 | E17: 459 | F17: 1475
A18: Social
B19: Sum - Spend | C19: 35000 | D19: 30000 | E19: 32000 | F19: 97000
B20: Sum - Conversions | C20: 264 | D20: 300 | E20: 346 | F20: 910
A21: Total Sum - Spend | C21: 117000 | D21: 108000 | E21: 112000 | F21: 337000
A22: Total Sum - Conversions | C22: 1011 | D22: 1146 | E22: 1073 | F22: 3230

Sheet Sheet7 - Q6 Answer
A1: Q6. Add a calculated field for Cost Per Conversion from your answer sheets, and calculate each channel's percent of total spend.
A3: Fill the block below with independent SUMIF formulas and divide them for CPA — those are what is marked. Then, if you want the practice, write the same numbers again with GETPIVOTDATA against your Sheet6 pivot and check the two agree. GETPIVOTDATA reads a PivotTable's cached values rather than calculating them, so it is not automatically marked.
A6: Channel | B6: Total Spend | C6: Total Conversions | D6: CPA (Calculated Field) | E6: Percent of Total Spend
A7: Display | B7: =SUMIF('Sheet2 - Q1 Answer'!$C$4:$C$15,A7,'Sheet2 - Q1 Answer'!$E$4:$E$15) -> 60000 | C7: =SUMIF('Sheet2 - Q1 Answer'!$C$4:$C$15,A7,'Sheet2 - Q1 Answer'!$I$4:$I$15) -> 288 | D7: =IFERROR(B7/C7,0) -> 208.33333 | E7: =IFERROR(B7/SUM($B$7:$B$10),0) -> 0.17804154
A8: Email | B8: =SUMIF('Sheet2 - Q1 Answer'!$C$4:$C$15,A8,'Sheet2 - Q1 Answer'!$E$4:$E$15) -> 37000 | C8: =SUMIF('Sheet2 - Q1 Answer'!$C$4:$C$15,A8,'Sheet2 - Q1 Answer'!$I$4:$I$15) -> 557 | D8: =IFERROR(B8/C8,0) -> 66.427289 | E8: =IFERROR(B8/SUM($B$7:$B$10),0) -> 0.10979228
A9: Search | B9: =SUMIF('Sheet2 - Q1 Answer'!$C$4:$C$15,A9,'Sheet2 - Q1 Answer'!$E$4:$E$15) -> 143000 | C9: =SUMIF('Sheet2 - Q1 Answer'!$C$4:$C$15,A9,'Sheet2 - Q1 Answer'!$I$4:$I$15) -> 1475 | D9: =IFERROR(B9/C9,0) -> 96.949153 | E9: =IFERROR(B9/SUM($B$7:$B$10),0) -> 0.42433234
A10: Social | B10: =SUMIF('Sheet2 - Q1 Answer'!$C$4:$C$15,A10,'Sheet2 - Q1 Answer'!$E$4:$E$15) -> 97000 | C10: =SUMIF('Sheet2 - Q1 Answer'!$C$4:$C$15,A10,'Sheet2 - Q1 Answer'!$I$4:$I$15) -> 910 | D10: =IFERROR(B10/C10,0) -> 106.59341 | E10: =IFERROR(B10/SUM($B$7:$B$10),0) -> 0.28783383

Sheet Sheet8 - Q7 Answer
A1: Q7. Build a chart visualizing the campaign funnel stages, Impressions, Clicks, Leads, Conversions.
A2: Note: the Funnel chart type is not available in this environment. A bar chart in descending stage order is the closest genuine substitute.
A3: Stage | B3: Total
A4: Impressions | B4: 5440000
A5: Clicks | B5: 145100
A6: Leads | B6: 21000
A7: Conversions | B7: 3230

Sheet Sheet9 - Q8 Answer
A1: Q8. Add a Slicer for Month and a Timeline for a campaign date field to your pivot table, connected so both filter it live.
A3: IMPORTANT, this feature must be built live in Excel
A4: A Slicer and a Timeline are genuine interactive Excel buttons, not something a script can generate inside a file. Click your Sheet6 pivot, then Insert, Slicer, choose Month, exactly as taught in Module 7. Once built, clicking Jan on your Slicer should produce the same spend shown below.
A9: Expected results once your Slicer is built (verified independently, for you to check against)
A11: Month Input | B11: Total Spend Shown
A12: Jan | B12: =SUMIF('Sheet2 - Q1 Answer'!$D$4:$D$15,A12,'Sheet2 - Q1 Answer'!$E$4:$E$15) -> 108000
A13: Feb | B13: =SUMIF('Sheet2 - Q1 Answer'!$D$4:$D$15,A13,'Sheet2 - Q1 Answer'!$E$4:$E$15) -> 117000
A14: Mar | B14: =SUMIF('Sheet2 - Q1 Answer'!$D$4:$D$15,A14,'Sheet2 - Q1 Answer'!$E$4:$E$15) -> 112000

Sheet Sheet10 - Q9 Dashboard
A1: Q9. Build an Interactive Dashboard bringing together the pivot, the Slicer and Timeline from Q8, a chart, and key KPIs, and model the Rs 10,000 budget shift scenario.
A3: Total Spend | D3: Total Conversions | G3: Best CPA Channel | J3: Search CPA | M3: Display CPA
A4: =SUM('Sheet2 - Q1 Answer'!E4:E15) -> 337000 | D4: =SUM('Sheet2 - Q1 Answer'!I4:I15) -> 3230 | G4: =INDEX('Sheet7 - Q6 Answer'!A7:A10,MATCH(MIN('Sheet7 - Q6 Answer'!D7:D10),'Sheet7 - Q6 Answer'!D7:D10,0)) -> Email | J4: ='Sheet7 - Q6 Answer'!D9 -> 96.949153 | M4: ='Sheet7 - Q6 Answer'!D7 -> 208.33333
A7: Channel | B7: Total Spend
A8: Display | B8: ='Sheet7 - Q6 Answer'!B7 -> 60000
A9: Email | B9: ='Sheet7 - Q6 Answer'!B8 -> 37000
A10: Search | B10: ='Sheet7 - Q6 Answer'!B9 -> 143000
A11: Social | B11: ='Sheet7 - Q6 Answer'!B10 -> 97000
A14: Reminder: connect your Slicer and Timeline from Sheet9 to this dashboard's pivot and chart too.
A16: What If: Shift Rs 10,000 Monthly Budget, Display to Search
A18: Search CPA | B18: ='Sheet7 - Q6 Answer'!D9 -> 96.949153
A19: Display CPA | B19: ='Sheet7 - Q6 Answer'!D7 -> 208.33333
A20: Budget shift amount | B20: 10000
A21: Extra Search conversions gained | B21: =IFERROR(B20/B18,0) -> 103.14685
A22: Display conversions lost | B22: =IFERROR(B20/B19,0) -> 48
A23: Net change in conversions | B23: =B21-B22 -> 55.146853
